--
-- PostgreSQL database dump
--

-- Dumped from database version 15.0
-- Dumped by pg_dump version 15.0

-- Started on 2026-03-17 09:50:29

SET statement_timeout = 0;
SET lock_timeout = 0;
SET idle_in_transaction_session_timeout = 0;
SET client_encoding = 'UTF8';
SET standard_conforming_strings = on;
SELECT pg_catalog.set_config('search_path', '', false);
SET check_function_bodies = false;
SET xmloption = content;
SET client_min_messages = warning;
SET row_security = off;

--
-- TOC entry 4 (class 2615 OID 2200)
-- Name: public; Type: SCHEMA; Schema: -; Owner: pg_database_owner
--

CREATE SCHEMA public;


ALTER SCHEMA public OWNER TO pg_database_owner;

--
-- TOC entry 3340 (class 0 OID 0)
-- Dependencies: 4
-- Name: SCHEMA public; Type: COMMENT; Schema: -; Owner: pg_database_owner
--

COMMENT ON SCHEMA public IS 'standard public schema';


SET default_tablespace = '';

SET default_table_access_method = heap;

--
-- TOC entry 216 (class 1259 OID 871513)
-- Name: actors; Type: TABLE; Schema: public; Owner: postgres
--

CREATE TABLE public.actors (
    actor_id integer,
    name character varying(50),
    birth_year integer
);


ALTER TABLE public.actors OWNER TO postgres;

--
-- TOC entry 215 (class 1259 OID 871509)
-- Name: financials; Type: TABLE; Schema: public; Owner: postgres
--

CREATE TABLE public.financials (
    movie_id integer,
    budget integer,
    revenue real,
    unit character varying(50),
    currency character varying(50)
);


ALTER TABLE public.financials OWNER TO postgres;

--
-- TOC entry 217 (class 1259 OID 871516)
-- Name: languages; Type: TABLE; Schema: public; Owner: postgres
--

CREATE TABLE public.languages (
    language_id integer,
    name character varying(50),
    column3 character varying(50)
);


ALTER TABLE public.languages OWNER TO postgres;

--
-- TOC entry 218 (class 1259 OID 871519)
-- Name: movie_actor; Type: TABLE; Schema: public; Owner: postgres
--

CREATE TABLE public.movie_actor (
    movie_id integer,
    actor_id integer,
    column3 character varying(50)
);


ALTER TABLE public.movie_actor OWNER TO postgres;

--
-- TOC entry 214 (class 1259 OID 871506)
-- Name: movies; Type: TABLE; Schema: public; Owner: postgres
--

CREATE TABLE public.movies (
    movie_id integer,
    title character varying(50),
    industry character varying(50),
    release_year integer,
    imdb_rating numeric,
    studio character varying(50),
    language_id integer
);


ALTER TABLE public.movies OWNER TO postgres;

--
-- TOC entry 3332 (class 0 OID 871513)
-- Dependencies: 216
-- Data for Name: actors; Type: TABLE DATA; Schema: public; Owner: postgres
--

COPY public.actors (actor_id, name, birth_year) FROM stdin;
50	Yash	1986
51	Sanjay Dutt	1959
52	Benedict Cumberbatch	1976
53	Elizabeth Olsen	1989
54	Chris Hemsworth	1983
55	Natalie Portman	1981
56	Tom Hiddleston	1981
57	Amitabh Bachchan	1942
58	Jaya Bachchan	1948
59	Shah Rukh Khan	1965
60	Kajol	1974
61	Aamir Khan	1965
62	R. Madhavan	1970
63	Sharman Joshi	1979
64	Hrithik Roshan	1974
65	Ranveer Singh	1985
66	Deepika Padukone	1986
67	Tim Robbins	1958
68	Morgan Freeman	1937
69	Leonardo DiCaprio	1974
70	Ken Watanabe	1959
71	Matthew McConaughey	1969
72	Anne Hathaway	1982
73	John David Washington	1984
74	Robert Pattinson	1986
75	Will Smith	1968
76	Thandiwe Newton	1972
77	Russell Crowe	1964
78	Joaquin Phoenix	1974
79	Kate Winslet	1975
80	James Stewart	1908
81	Donna Reed	1921
82	Sam Worthington	1976
83	Zoe Saldana	1978
84	Marlon Brando	1924
85	Al Pacino	1940
86	Christian Bale	1974
87	Heath Ledger	1979
88	Liam Neeson	1952
89	Ben Kingsley	1943
90	Sam Neill	1947
91	Laura Dern	1967
92	Song Kang-ho	1967
93	Lee Sun-kyun	1975
94	Robert Downey Jr.	1965
95	Chris Evans	1981
150	Kanu Banerjee	1905
151	Karuna Banerjee	1919
152	Darsheel Safary	1997
153	Sunil Dutt	1929
154	Anushka Sharma	1988
155	Ranbir Kapoor	1982
156	Allu Arjun	1982
157	Fahadh Faasil	1982
158	N. T. Rama Rao Jr.	1983
159	Ram Charan	1985
160	Prabhas	1979
161	Rana Daggubati	1984
162	Mithun Chakraborty	1950
163	Anupam Kher	1955
164	Salman Khan	1965
165	Nawazuddin Siddiqui	1967
166	Tommy Lee Jones	1946
167	Sebastian Stan	1982
168	Anil Kapoor	1956
169	Sidharth Malhotra	1985
170	Kiara Advani	1991
\.


--
-- TOC entry 3331 (class 0 OID 871509)
-- Dependencies: 215
-- Data for Name: financials; Type: TABLE DATA; Schema: public; Owner: postgres
--

COPY public.financials (movie_id, budget, revenue, unit, currency) FROM stdin;
101	1	12.5	Billions	INR
102	200	954.8	Millions	USD
103	165	644.8	Millions	USD
104	180	854	Millions	USD
105	250	670	Millions	USD
107	400	2000	Millions	INR
108	550	4000	Millions	INR
109	390	1360	Millions	INR
110	1	3.5	Billions	INR
111	25	73.3	Millions	USD
113	165	701.8	Millions	USD
114	205	365.3	Millions	USD
115	55	307.1	Millions	USD
116	103	460.5	Millions	USD
117	200	2202	Millions	USD
118	3	3.3	Millions	USD
119	237	2847	Millions	USD
120	7	291	Millions	USD
121	185	1006	Millions	USD
122	22	322.2	Millions	USD
123	63	1046	Millions	USD
124	15	263.1	Millions	USD
125	400	2798	Millions	USD
126	400	2048	Millions	USD
127	70000	100000	Thousands	INR
128	120	1350	Millions	INR
129	100	410	Millions	INR
130	850	8540	Millions	INR
131	1	5.9	Billions	INR
132	2	3.6	Billions	INR
133	5	12	Billions	INR
134	1	6.5	Billions	INR
135	250	3409	Millions	INR
136	900	11690	Millions	INR
137	216	370.6	Millions	USD
138	177	714.4	Millions	USD
139	1	3.1	Billions	INR
140	500	950	Millions	INR
406	30	350	Millions	INR
412	160	836.8	Millions	USD
\.


--
-- TOC entry 3333 (class 0 OID 871516)
-- Dependencies: 217
-- Data for Name: languages; Type: TABLE DATA; Schema: public; Owner: postgres
--

COPY public.languages (language_id, name, column3) FROM stdin;
1	Hindi	
2	Telugu	
3	Kannada	
4	Tamil	
5	English	
6	French	
7	Bengali	
8	Gujarati	
\N		
\N		
\N		
\N		
\N		
\N		
\N		
\N		
\N		
\N		
\N		
\N		
\N		
\N		
\N		
\N		
\N		
\N		
\N		
\N		
\N		
\N		
\N		
\N		
\N		
\N		
\N		
\N		
\N		
\N		
\N		
\N		
\N		
\N		
\N		
\N		
\N		
\N		
\N		
\N		
\N		
\N		
\N		
\N		
\N		
\N		
\N		
\N		
\N		
\N		
\N		
\N		
\N		
\N		
\N		
\N		
\N		
\N		
\N		
\N		
\N		
\N		
\N		
\N		
\N		
\N		
\N		
\N		
\N		
\N		
\N		
\N		
\N		
\N		
\N		
\N		
\N		
\.


--
-- TOC entry 3334 (class 0 OID 871519)
-- Dependencies: 218
-- Data for Name: movie_actor; Type: TABLE DATA; Schema: public; Owner: postgres
--

COPY public.movie_actor (movie_id, actor_id, column3) FROM stdin;
101	50	
101	51	
102	52	
102	53	
103	54	
103	55	
103	56	
104	54	
104	56	
105	54	
105	55	
106	57	
106	58	
107	59	
107	60	
108	61	
108	62	
108	63	
109	59	
109	57	
109	64	
110	65	
110	66	
111	67	
111	68	
112	69	
112	70	
113	71	
113	72	
114	73	
114	74	
115	75	
115	76	
116	77	
116	78	
117	69	
117	79	
118	80	
118	81	
119	82	
119	83	
120	84	
120	85	
121	86	
121	87	
122	88	
122	89	
123	90	
123	91	
124	92	
124	93	
125	94	
125	95	
125	54	
126	94	
126	95	
126	54	
127	150	
127	151	
128	61	
128	152	
129	51	
129	153	
130	61	
130	154	
131	155	
131	154	
132	156	
132	157	
133	158	
133	159	
134	160	
134	161	
135	162	
135	163	
136	164	
136	165	
137	95	
137	166	
138	95	
138	167	
139	164	
139	168	
140	169	
140	170	
\.


--
-- TOC entry 3330 (class 0 OID 871506)
-- Dependencies: 214
-- Data for Name: movies; Type: TABLE DATA; Schema: public; Owner: postgres
--

COPY public.movies (movie_id, title, industry, release_year, imdb_rating, studio, language_id) FROM stdin;
101	K.G.F: Chapter 2	Bollywood	2022	8.4	Hombale Films	3
102	Doctor Strange in the Multiverse of Madness	Hollywood	2022	7	Marvel Studios	5
103	Thor: The Dark World 	Hollywood	2013	6.8	Marvel Studios	5
104	Thor: Ragnarok 	Hollywood	2017	7.9	Marvel Studios	5
105	Thor: Love and Thunder 	Hollywood	2022	6.8	Marvel Studios	5
106	Sholay	Bollywood	1975	8.1	United Producers	1
107	Dilwale Dulhania Le Jayenge	Bollywood	1995	8	Yash Raj Films	1
108	3 Idiots	Bollywood	2009	8.4	Vinod Chopra Films	1
109	Kabhi Khushi Kabhie Gham	Bollywood	2001	7.4	Dharma Productions	1
110	Bajirao Mastani 	Bollywood	2015	7.2		1
111	The Shawshank Redemption	Hollywood	1994	9.3	Castle Rock Entertainment	5
112	Inception	Hollywood	2010	8.8	Warner Bros. Pictures	5
113	Interstellar	Hollywood	2014	8.6	Warner Bros. Pictures	5
115	The Pursuit of Happyness	Hollywood	2006	8	Columbia Pictures	5
116	Gladiator	Hollywood	2000	8.5	Universal Pictures  	5
117	Titanic	Hollywood	1997	7.9	Paramount Pictures	5
118	It's a Wonderful Life	Hollywood	1946	8.6	Liberty Films	5
119	Avatar	Hollywood	2009	7.8	20th Century Fox	5
120	The Godfather	Hollywood	1972	9.2	Paramount Pictures	5
121	The Dark Knight	Hollywood	2008	9	Syncopy	5
122	Schindler's List	Hollywood	1993	9	Universal Pictures	5
123	Jurassic Park	Hollywood	1993	8.2	Universal Pictures	5
124	Parasite	Hollywood	2019	8.5		5
125	Avengers: Endgame	Hollywood	2019	8.4	Marvel Studios	5
126	Avengers: Infinity War	Hollywood	2018	8.4	Marvel Studios	5
127	Pather Panchali	Bollywood	1955	8.3	Government of West Bengal	7
128	Taare Zameen Par	Bollywood	2007	8.3		1
129	Munna Bhai M.B.B.S.	Bollywood	2003	8.1	Vinod Chopra Productions	1
130	PK	Bollywood	2014	8.1	Vinod Chopra Films	1
132	Pushpa: The Rise - Part 1	Bollywood	2021	7.6	Mythri Movie Makers	2
133	RRR	Bollywood	2022	8	DVV Entertainment	2
134	Baahubali: The Beginning	Bollywood	2015	8	Arka Media Works	2
135	The Kashmir Files	Bollywood	2022	8.3	Zee Studios	1
136	Bajrangi Bhaijaan	Bollywood	2015	8.1	Salman Khan Films	1
137	Captain America: The First Avenger	Hollywood	2011	6.9	Marvel Studios	5
138	Captain America: The Winter Soldier	Hollywood	2014	7.8	Marvel Studios	5
139	Race 3	Bollywood	2018	1.9	Salman Khan Films	1
140	Shershaah	Bollywood	2021	8.4	Dharma Productions	1
131	Sanju	Bollywood	2018	\N	Vinod Chopra Films	1
\.


-- Completed on 2026-03-17 09:50:29

--
-- PostgreSQL database dump complete
--

